snapshot_date,slug,year,works_count,works_count_incl_xpac,works_count_lineage_incl_xpac,cited_by_count
2026-09-28,tu-munich,2026,15340,15382,16093,6339
2026-09-28,tu-munich,2025,14550,17559,18572,61921
2026-09-28,tu-munich,2024,13409,17317,18190,132483
2026-09-28,tu-munich,2023,14025,16349,17100,199543
2026-09-28,tu-munich,2022,13002,14587,15271,252506
2026-09-28,tu-munich,2021,12770,14242,14900,330812
2026-09-28,tu-munich,2020,11745,12920,13553,412132
2026-09-28,tu-munich,2019,11979,12526,13268,399559
2026-09-28,tu-munich,2018,9957,10335,11022,423230
2026-09-28,tu-munich,2017,9742,10056,10760,429502
2026-09-28,tu-munich,2016,9184,9442,10071,420474
2026-09-28,tu-munich,2015,8660,8858,9420,376974
2026-09-28,tu-munich,2014,8197,8373,8960,339683
2026-09-28,tu-munich,2013,7764,7857,8401,327221
2026-09-28,tu-munich,2012,6778,6846,7278,318268
2026-09-28,tu-munich,2011,6833,6903,7278,323803
2026-09-28,tu-munich,2010,6457,6535,6901,336218
