snapshot_date,tu9_slug,university_name,n_members,year,ca_works,ca_oa_works,ca_oa_share
2026-10-05,tu-darmstadt,Technische Universität Darmstadt,4,2026,1527,1261,0.8258
2026-10-05,tu-darmstadt,Technische Universität Darmstadt,4,2025,1841,1194,0.6486
2026-10-05,tu-darmstadt,Technische Universität Darmstadt,4,2024,1849,1183,0.6398
2026-10-05,tu-darmstadt,Technische Universität Darmstadt,4,2023,1922,1284,0.6681
2026-10-05,tu-darmstadt,Technische Universität Darmstadt,4,2022,1993,1246,0.6252
2026-10-05,tu-darmstadt,Technische Universität Darmstadt,4,2021,2018,1156,0.5728
2026-10-05,tu-darmstadt,Technische Universität Darmstadt,4,2020,1883,1062,0.564
2026-10-05,tu-darmstadt,Technische Universität Darmstadt,4,2019,1687,742,0.4398
2026-10-05,tu-darmstadt,Technische Universität Darmstadt,4,2018,1767,623,0.3526
2026-10-05,tu-darmstadt,Technische Universität Darmstadt,4,2017,1752,513,0.2928
2026-10-05,tu-darmstadt,Technische Universität Darmstadt,4,2016,1684,474,0.2815
2026-10-05,tu-darmstadt,Technische Universität Darmstadt,4,2015,1551,401,0.2585
2026-10-05,tu-darmstadt,Technische Universität Darmstadt,4,2014,1486,341,0.2295
2026-10-05,tu-darmstadt,Technische Universität Darmstadt,4,2013,1366,297,0.2174
