snapshot_date,view,n_members,year,ca_works,ca_oa_works,ca_oa_share
2026-09-14,consolidated,37,2026,23037,19786,0.8589
2026-09-14,consolidated,37,2025,25869,19569,0.7565
2026-09-14,consolidated,37,2024,25277,18137,0.7175
2026-09-14,consolidated,37,2023,27250,18429,0.6763
2026-09-14,consolidated,37,2022,26962,17511,0.6495
2026-09-14,consolidated,37,2021,27292,17954,0.6578
2026-09-14,consolidated,37,2020,25291,15637,0.6183
2026-09-14,consolidated,37,2019,23585,11609,0.4922
2026-09-14,consolidated,37,2018,22870,9612,0.4203
2026-09-14,consolidated,37,2017,22262,8199,0.3683
2026-09-14,consolidated,37,2016,21336,7687,0.3603
2026-09-14,consolidated,37,2015,19300,6225,0.3225
2026-09-14,consolidated,37,2014,18450,5267,0.2855
2026-09-14,consolidated,37,2013,17370,4544,0.2616
2026-09-14,core_any,37,2026,10963,9358,0.8536
2026-09-14,core_any,37,2025,15641,13012,0.8319
2026-09-14,core_any,37,2024,16015,13180,0.823
2026-09-14,core_any,37,2023,17089,12349,0.7226
2026-09-14,core_any,37,2022,17413,12451,0.715
2026-09-14,core_any,37,2021,18454,13057,0.7075
2026-09-14,core_any,37,2020,17422,11629,0.6675
2026-09-14,core_any,37,2019,15887,8562,0.5389
2026-09-14,core_any,37,2018,15617,7210,0.4617
2026-09-14,core_any,37,2017,15092,6402,0.4242
2026-09-14,core_any,37,2016,14653,6097,0.4161
2026-09-14,core_any,37,2015,13317,5046,0.3789
2026-09-14,core_any,37,2014,12483,4277,0.3426
2026-09-14,core_any,37,2013,11245,3558,0.3164
2026-09-14,core_primary,37,2026,10911,9306,0.8529
2026-09-14,core_primary,37,2025,15577,12951,0.8314
2026-09-14,core_primary,37,2024,15970,13135,0.8225
2026-09-14,core_primary,37,2023,17069,12329,0.7223
2026-09-14,core_primary,37,2022,17376,12414,0.7144
2026-09-14,core_primary,37,2021,18379,12992,0.7069
2026-09-14,core_primary,37,2020,17346,11561,0.6665
2026-09-14,core_primary,37,2019,15827,8510,0.5377
2026-09-14,core_primary,37,2018,15568,7170,0.4606
2026-09-14,core_primary,37,2017,15032,6352,0.4226
2026-09-14,core_primary,37,2016,14615,6063,0.4148
2026-09-14,core_primary,37,2015,13273,5011,0.3775
2026-09-14,core_primary,37,2014,12418,4247,0.342
2026-09-14,core_primary,37,2013,11204,3539,0.3159
2026-09-14,hierarchy,59,2026,22852,19705,0.8623
2026-09-14,hierarchy,59,2025,25555,19426,0.7602
2026-09-14,hierarchy,59,2024,24959,18086,0.7246
2026-09-14,hierarchy,59,2023,26987,18390,0.6814
2026-09-14,hierarchy,59,2022,26631,17404,0.6535
2026-09-14,hierarchy,59,2021,26975,17854,0.6619
2026-09-14,hierarchy,59,2020,24936,15542,0.6233
2026-09-14,hierarchy,59,2019,23182,11591,0.5
2026-09-14,hierarchy,59,2018,22380,9541,0.4263
2026-09-14,hierarchy,59,2017,21835,8169,0.3741
2026-09-14,hierarchy,59,2016,20847,7649,0.3669
2026-09-14,hierarchy,59,2015,18844,6185,0.3282
2026-09-14,hierarchy,59,2014,18020,5229,0.2902
2026-09-14,hierarchy,59,2013,16986,4497,0.2647
2026-09-14,single,9,2026,21840,18913,0.866
2026-09-14,single,9,2025,24468,18594,0.7599
2026-09-14,single,9,2024,24091,17460,0.7248
2026-09-14,single,9,2023,26107,17782,0.6811
2026-09-14,single,9,2022,25818,16836,0.6521
2026-09-14,single,9,2021,26183,17274,0.6597
2026-09-14,single,9,2020,24128,14992,0.6214
2026-09-14,single,9,2019,22262,11122,0.4996
2026-09-14,single,9,2018,21541,9145,0.4245
2026-09-14,single,9,2017,21070,7828,0.3715
2026-09-14,single,9,2016,20128,7341,0.3647
2026-09-14,single,9,2015,18079,5863,0.3243
2026-09-14,single,9,2014,17386,4996,0.2874
2026-09-14,single,9,2013,16442,4279,0.2602
