snapshot_date,slug,year,oa_status,ca_works
2026-09-28,kit,2025,hybrid,1103
2026-09-28,kit,2025,gold,1093
2026-09-28,kit,2025,closed,768
2026-09-28,kit,2025,green,588
2026-09-28,kit,2025,diamond,187
2026-09-28,kit,2025,bronze,45
2026-09-28,leibniz-hannover,2025,hybrid,545
2026-09-28,leibniz-hannover,2025,closed,508
2026-09-28,leibniz-hannover,2025,gold,395
2026-09-28,leibniz-hannover,2025,green,160
2026-09-28,leibniz-hannover,2025,diamond,79
2026-09-28,leibniz-hannover,2025,bronze,27
2026-09-28,rwth-aachen,2025,green,1244
2026-09-28,rwth-aachen,2025,hybrid,1210
2026-09-28,rwth-aachen,2025,gold,1092
2026-09-28,rwth-aachen,2025,closed,985
2026-09-28,rwth-aachen,2025,diamond,206
2026-09-28,rwth-aachen,2025,bronze,132
2026-09-28,tu-berlin,2025,hybrid,640
2026-09-28,tu-berlin,2025,gold,522
2026-09-28,tu-berlin,2025,closed,494
2026-09-28,tu-berlin,2025,green,222
2026-09-28,tu-berlin,2025,diamond,77
2026-09-28,tu-berlin,2025,bronze,23
2026-09-28,tu-braunschweig,2025,hybrid,392
2026-09-28,tu-braunschweig,2025,gold,378
2026-09-28,tu-braunschweig,2025,closed,343
2026-09-28,tu-braunschweig,2025,green,101
2026-09-28,tu-braunschweig,2025,diamond,63
2026-09-28,tu-braunschweig,2025,bronze,13
2026-09-28,tu-darmstadt,2025,closed,654
2026-09-28,tu-darmstadt,2025,hybrid,507
2026-09-28,tu-darmstadt,2025,gold,356
2026-09-28,tu-darmstadt,2025,green,180
2026-09-28,tu-darmstadt,2025,diamond,78
2026-09-28,tu-darmstadt,2025,bronze,32
2026-09-28,tu-dresden,2025,hybrid,1042
2026-09-28,tu-dresden,2025,gold,998
2026-09-28,tu-dresden,2025,closed,801
2026-09-28,tu-dresden,2025,green,309
2026-09-28,tu-dresden,2025,diamond,134
2026-09-28,tu-dresden,2025,bronze,61
2026-09-28,tu-munich,2025,hybrid,1926
2026-09-28,tu-munich,2025,gold,1571
2026-09-28,tu-munich,2025,closed,1207
2026-09-28,tu-munich,2025,green,1084
2026-09-28,tu-munich,2025,diamond,220
2026-09-28,tu-munich,2025,bronze,70
2026-09-28,uni-stuttgart,2025,closed,747
2026-09-28,uni-stuttgart,2025,hybrid,505
2026-09-28,uni-stuttgart,2025,gold,401
2026-09-28,uni-stuttgart,2025,green,232
2026-09-28,uni-stuttgart,2025,diamond,102
2026-09-28,uni-stuttgart,2025,bronze,22
