snapshot_date,slug,year,ca_works,ca_oa_works,ca_oa_share,ca_doaj_works,ca_doaj_share
2026-09-14,kit,2026,3537,3192,0.9025,406,0.1148
2026-09-14,kit,2025,3474,2777,0.7994,552,0.1589
2026-09-14,kit,2024,3700,2778,0.7508,585,0.1581
2026-09-14,kit,2023,3766,2828,0.7509,618,0.1641
2026-09-14,kit,2022,3640,2523,0.6931,670,0.1841
2026-09-14,kit,2021,3828,2808,0.7335,640,0.1672
2026-09-14,kit,2020,3203,2183,0.6815,537,0.1677
2026-09-14,kit,2019,3059,1731,0.5659,450,0.1471
2026-09-14,kit,2018,2989,1294,0.4329,394,0.1318
2026-09-14,kit,2017,2937,1156,0.3936,358,0.1219
2026-09-14,kit,2016,2966,1162,0.3918,358,0.1207
2026-09-14,kit,2015,2600,871,0.335,298,0.1146
2026-09-14,kit,2014,2503,769,0.3072,246,0.0983
2026-09-14,kit,2013,2365,629,0.266,235,0.0994
2026-09-14,leibniz-hannover,2026,1365,1148,0.841,200,0.1465
2026-09-14,leibniz-hannover,2025,1658,1157,0.6978,298,0.1797
2026-09-14,leibniz-hannover,2024,1720,1267,0.7366,295,0.1715
2026-09-14,leibniz-hannover,2023,1808,1259,0.6963,292,0.1615
2026-09-14,leibniz-hannover,2022,1877,1264,0.6734,342,0.1822
2026-09-14,leibniz-hannover,2021,1730,1094,0.6324,322,0.1861
2026-09-14,leibniz-hannover,2020,1636,959,0.5862,287,0.1754
2026-09-14,leibniz-hannover,2019,1423,627,0.4406,207,0.1455
2026-09-14,leibniz-hannover,2018,1391,589,0.4234,189,0.1359
2026-09-14,leibniz-hannover,2017,1392,502,0.3606,146,0.1049
2026-09-14,leibniz-hannover,2016,1330,522,0.3925,153,0.115
2026-09-14,leibniz-hannover,2015,1149,427,0.3716,125,0.1088
2026-09-14,leibniz-hannover,2014,1073,347,0.3234,104,0.0969
2026-09-14,leibniz-hannover,2013,1016,293,0.2884,77,0.0758
2026-09-14,rwth-aachen,2026,4403,3942,0.8953,713,0.1619
2026-09-14,rwth-aachen,2025,4739,3806,0.8031,876,0.1848
2026-09-14,rwth-aachen,2024,3943,2882,0.7309,793,0.2011
2026-09-14,rwth-aachen,2023,4425,3001,0.6782,792,0.179
2026-09-14,rwth-aachen,2022,4137,2653,0.6413,855,0.2067
2026-09-14,rwth-aachen,2021,4299,2881,0.6702,739,0.1719
2026-09-14,rwth-aachen,2020,4237,2624,0.6193,551,0.13
2026-09-14,rwth-aachen,2019,3986,2003,0.5025,519,0.1302
2026-09-14,rwth-aachen,2018,3821,1676,0.4386,455,0.1191
2026-09-14,rwth-aachen,2017,3527,1372,0.389,353,0.1001
2026-09-14,rwth-aachen,2016,3471,1119,0.3224,308,0.0887
2026-09-14,rwth-aachen,2015,3123,966,0.3093,292,0.0935
2026-09-14,rwth-aachen,2014,3064,860,0.2807,248,0.0809
2026-09-14,rwth-aachen,2013,2565,685,0.2671,220,0.0858
2026-09-14,tu-berlin,2026,1542,1290,0.8366,240,0.1556
2026-09-14,tu-berlin,2025,1887,1411,0.7477,333,0.1765
2026-09-14,tu-berlin,2024,1958,1422,0.7263,320,0.1634
2026-09-14,tu-berlin,2023,2133,1325,0.6212,359,0.1683
2026-09-14,tu-berlin,2022,2151,1382,0.6425,384,0.1785
2026-09-14,tu-berlin,2021,2378,1573,0.6615,363,0.1526
2026-09-14,tu-berlin,2020,2328,1399,0.6009,310,0.1332
2026-09-14,tu-berlin,2019,1830,835,0.4563,247,0.135
2026-09-14,tu-berlin,2018,1856,706,0.3804,213,0.1148
2026-09-14,tu-berlin,2017,1792,616,0.3438,188,0.1049
2026-09-14,tu-berlin,2016,1795,617,0.3437,156,0.0869
2026-09-14,tu-berlin,2015,1738,498,0.2865,135,0.0777
2026-09-14,tu-berlin,2014,1586,419,0.2642,112,0.0706
2026-09-14,tu-berlin,2013,1464,412,0.2814,84,0.0574
2026-09-14,tu-braunschweig,2026,985,805,0.8173,171,0.1736
2026-09-14,tu-braunschweig,2025,1284,928,0.7227,221,0.1721
2026-09-14,tu-braunschweig,2024,1257,849,0.6754,222,0.1766
2026-09-14,tu-braunschweig,2023,1369,917,0.6698,249,0.1819
2026-09-14,tu-braunschweig,2022,1364,890,0.6525,240,0.176
2026-09-14,tu-braunschweig,2021,1279,823,0.6435,276,0.2158
2026-09-14,tu-braunschweig,2020,1264,730,0.5775,201,0.159
2026-09-14,tu-braunschweig,2019,1104,471,0.4266,152,0.1377
2026-09-14,tu-braunschweig,2018,1187,418,0.3521,141,0.1188
2026-09-14,tu-braunschweig,2017,1085,320,0.2949,111,0.1023
2026-09-14,tu-braunschweig,2016,1038,326,0.3141,89,0.0857
2026-09-14,tu-braunschweig,2015,851,242,0.2844,72,0.0846
2026-09-14,tu-braunschweig,2014,931,221,0.2374,67,0.072
2026-09-14,tu-braunschweig,2013,1153,175,0.1518,62,0.0538
2026-09-14,tu-darmstadt,2026,1386,1121,0.8088,180,0.1299
2026-09-14,tu-darmstadt,2025,1812,1162,0.6413,278,0.1534
2026-09-14,tu-darmstadt,2024,1790,1103,0.6162,253,0.1413
2026-09-14,tu-darmstadt,2023,1860,1197,0.6435,264,0.1419
2026-09-14,tu-darmstadt,2022,1945,1186,0.6098,267,0.1373
2026-09-14,tu-darmstadt,2021,1993,1112,0.558,265,0.133
2026-09-14,tu-darmstadt,2020,1856,1023,0.5512,239,0.1288
2026-09-14,tu-darmstadt,2019,1661,693,0.4172,168,0.1011
2026-09-14,tu-darmstadt,2018,1729,567,0.3279,155,0.0896
2026-09-14,tu-darmstadt,2017,1731,502,0.29,117,0.0676
2026-09-14,tu-darmstadt,2016,1657,452,0.2728,108,0.0652
2026-09-14,tu-darmstadt,2015,1516,377,0.2487,77,0.0508
2026-09-14,tu-darmstadt,2014,1452,322,0.2218,71,0.0489
2026-09-14,tu-darmstadt,2013,1363,285,0.2091,68,0.0499
2026-09-14,tu-dresden,2026,1968,1648,0.8374,358,0.1819
2026-09-14,tu-dresden,2025,2742,2109,0.7691,601,0.2192
2026-09-14,tu-dresden,2024,2857,2142,0.7497,629,0.2202
2026-09-14,tu-dresden,2023,3366,2371,0.7044,633,0.1881
2026-09-14,tu-dresden,2022,3384,2262,0.6684,735,0.2172
2026-09-14,tu-dresden,2021,3367,2311,0.6864,721,0.2141
2026-09-14,tu-dresden,2020,3138,1928,0.6144,609,0.1941
2026-09-14,tu-dresden,2019,2704,1276,0.4719,462,0.1709
2026-09-14,tu-dresden,2018,2590,1058,0.4085,405,0.1564
2026-09-14,tu-dresden,2017,2620,963,0.3676,361,0.1378
2026-09-14,tu-dresden,2016,2389,921,0.3855,338,0.1415
2026-09-14,tu-dresden,2015,2342,776,0.3313,236,0.1008
2026-09-14,tu-dresden,2014,2307,633,0.2744,235,0.1019
2026-09-14,tu-dresden,2013,2015,513,0.2546,175,0.0868
2026-09-14,tu-munich,2026,4894,4345,0.8878,704,0.1438
2026-09-14,tu-munich,2025,5150,4177,0.8111,988,0.1918
2026-09-14,tu-munich,2024,4997,3895,0.7795,1062,0.2125
2026-09-14,tu-munich,2023,5493,3868,0.7042,1077,0.1961
2026-09-14,tu-munich,2022,5359,3605,0.6727,1178,0.2198
2026-09-14,tu-munich,2021,5096,3491,0.685,1078,0.2115
2026-09-14,tu-munich,2020,4626,3205,0.6928,924,0.1997
2026-09-14,tu-munich,2019,4695,2849,0.6068,749,0.1595
2026-09-14,tu-munich,2018,4128,2245,0.5438,640,0.155
2026-09-14,tu-munich,2017,4175,1904,0.456,629,0.1507
2026-09-14,tu-munich,2016,3705,1654,0.4464,486,0.1312
2026-09-14,tu-munich,2015,3316,1273,0.3839,350,0.1055
2026-09-14,tu-munich,2014,3006,1066,0.3546,307,0.1021
2026-09-14,tu-munich,2013,3156,1002,0.3175,282,0.0894
2026-09-14,uni-stuttgart,2026,1899,1548,0.8152,182,0.0958
2026-09-14,uni-stuttgart,2025,1914,1231,0.6432,302,0.1578
2026-09-14,uni-stuttgart,2024,2058,1291,0.6273,305,0.1482
2026-09-14,uni-stuttgart,2023,2085,1188,0.5698,284,0.1362
2026-09-14,uni-stuttgart,2022,2141,1213,0.5666,291,0.1359
2026-09-14,uni-stuttgart,2021,2379,1312,0.5515,317,0.1332
2026-09-14,uni-stuttgart,2020,1983,1061,0.535,241,0.1215
2026-09-14,uni-stuttgart,2019,1891,698,0.3691,173,0.0915
2026-09-14,uni-stuttgart,2018,1922,624,0.3247,164,0.0853
2026-09-14,uni-stuttgart,2017,1884,525,0.2787,143,0.0759
2026-09-14,uni-stuttgart,2016,1861,602,0.3235,130,0.0699
2026-09-14,uni-stuttgart,2015,1503,461,0.3067,106,0.0705
2026-09-14,uni-stuttgart,2014,1557,382,0.2453,98,0.0629
2026-09-14,uni-stuttgart,2013,1393,304,0.2182,78,0.056
